Site Name,Site Type,Site Address,Site City,Site State,Site Post Code,Site Manager,
Middle Head - Gubbuh Gubbuh,Reserve,2 Governors Road,Mosman,NSW,2088,National Parks & Wildlife Service - NSW (NPWS NSW),
Lane Cove National Park,National Park,"Koonjerie Picnic Area, Riverside Drive",Chatswood West,NSW,2067,National Parks & Wildlife Service - NSW,
"Congwong Beach, Kamay-Botany Bay National Park",National Park,1532R Anzac Parade,La Perouse,NSW,2038,National Parks & Wildlife Service - NSW,
"Morgans Creek Picnic Area, Georges River NP",National Park,"Georges River Jetty, Burrawang Reach Road",Reversby Heights,NSW,2212,National Parks & Wildlife Service - NSW,
Tempe Wetlands,Wetlands,Holbeach Avenue,Tempe,NSW,2044,National Parks & Wildlife Service - NSW,
Wollondilly Shire - Robin Davies Community Nursery,Nursery,38 Wonga Road,Picton,NSW,2571,Wollondilly Shire Council,
Wollondilly Shire - Stonequarry Bush Tucker Garden,Park,4 Downing Street,Picton,NSW,2571,Wollondilly Shire Council,
Wollondilly Shire - Bargo River Reserve,Park,Bargo River Road,Tahmoor,NSW ,2573,Wollondilly Shire Council,
Hawkesbury Community Nursery,Nursery,10 Mulgrave Road,Mulgrave,NSW,2756,Hawkesbury City Council,
Lane Cove National Park,National Park,River Road,Chatswood West,NSW,2067,Friends of Lane Cove National Park (Fof LCNP),
Wildplant Community Nursery,Nursery,Loop Road,Ourimbah,NSW,2258,Community Environment Network (CEN),
Glenrock State Conservation Area,Conservation Area,Yuelarbah Track,Highfields,NSW,2289,Trees in Newcastle (TIN),
Belmont Nursery,Nursery,"119 Kalaroo Road, Belmont State Wetland Park",Redhead,NSW,2290,Trees in Newcastle (TIN),
Magdala Park,Park,Magdala Road,North Ryde,NSW,2113,National Parks & Wildlife Service - NSW,
Albert Park,Park,Aughtie Drive,Albert Park,VIC,3206,VIC Parks,
Koomba Park,Park,Mountain Highway,Wantirna,VIC,3152,VIC Parks,
Shepherd's Bush Community Garden,Nursery,77 Shepherd Road,Glen Waverley,VIC,3150,The Friends of Dandenong Valley Parklands/VIC Parks,
Shepherds Bush ,Park,95 Shepherd Road,Wantirna,VIC,3150,VIC Parks,
Corhanwarrabul Wetlands,Wetlands,Wellington Road,Scoresby,VIC,3179,VIC Parks,
Jell's Park,Park,Waverley Road,Wheelers Hill,VIC,3150,VIC Parks,
Wattle Park,Park,Riversdale Road,Burwood,VIC,3125,VIC Parks,
Studley Park,Park,Boathouse Road,Kew,VIC,3101,VIC Parks,
Yarra Bend Park,Park,Deep Rock Road,Fairfield,VIC,3078,VIC Parks,
Brimbank Park,Park,Keilor Park Drive,Keilor East,VIC,3033,VIC Parks,
Woodlands Historic Park,Park,1040 Somerton Road,Greenvale,VIC,3059,VIC Parks,
Maroondah Reservoir Park,Park,Maroondah Highway,Healsville,VIC,3777,VIC Parks,
Daisy Hill Conservation Park,Park,Daisy Hill Road,Daisy Hill,QLD,4127,Parks - DETSI,"DETSI = Department of Environment, Tourism, Science & Innovation"
The Forktree Project,Nursery,103 Whitelaw Road,Carrickalinga,SA,5204,The Forktree Project,
Yankalilla Community Nursery,Nursery,1 Kemmiss Hill Road,Yankalilla,SA,5203,District Council of Yankalilla,
Belair National Park,National Park,Upper Sturt Road,Belair,SA,5052,NPWS (DEW) - SA Friends of Parks South Australia Group.,
Glenthorne National Park - Ityamaiitpinna Yarta,National Park,Majors Road,O'Halloran Hill,SA,5158,NPWS (DEW) - SA Friends of Parks South Australia Group.,
Wangkuntila-Aldinga Conservation Park,Park,Dover Street,Aldinga Beach,SA,5173,NPWS (DEW) - SA Friends of Parks South Australia Group.,DEW = Department of Environment & Water
Sandy Creek Conservation Park,Park,Barossa Valley Highway,Sandy Creek,SA,5350,NPWS (DEW) - SA Friends of Parks South Australia Group.,
Para Wirra Conservation Park,Park,Para Wirra Drive,Yattalunga,SA,5114,NPWS (DEW) - SA Friends of Parks South Australia Group.,
Onkaparinga River National Park,National Park,Piggott Range Road,Port Noarlunga South,SA,5167,NPWS (DEW) - SA Friends of Parks South Australia Group.,
Black Hill Conservation Park,Park,Ghost Tree Gully Trail,Athelstone,SA,5076,NPWS (DEW) - SA Friends of Parks South Australia Group.,
Morialta Conservation Park,Park,Morialta Falls Road,Woodforde,SA,5072,NPWS (DEW) - SA Friends of Parks South Australia Group.,
Anstey Hill Recreation Park,Park,Perseverance Road,Tea Tree Gully,SA,5091,NPWS (DEW) - SA Friends of Parks South Australia Group.,
Semaphore Largs Dunes Group,Beach,Semaphore Road,Semaphore,SA,5019,NPWS (DEW) - SA Friends of Parks South Australia Group.,
Charleston Conservation Park,Park,Park Road,Charleston,SA,5244,NPWS (DEW) - SA Friends of Parks South Australia Group.,
Kaarakin Black Cockatoo Conservation Centre,Conservation Centre,322 Mills Road East,Martin,WA,6110,Black Cockatoo Preservation Society of Australia,
South East Regional Centre for Urban Landcare,Conservation Centre,1 Horley Road,Beckenham,WA,6107,SERCUL,
The Wetlands Centre Cockburn,Conservation Centre,184 Hope Road,Bibra Lake,WA,6163,The Wetlands Centre Cockburn,
